substring,count
은자의나라,11
NG(한)-NationalGeographic6월,9
NG(영-有)-NationalGeographic6월,7
NationalGeographic스페셜에디션I,5
눈부시게 아름다운 사진들 보기드문 사진들,3
눈부시게 아름다운 사진들 보기드문,3
보기드문,3
보기드문 사진들,3
눈부시게 아름다운 사진들,3
눈부시게 아름다운,3
눈부시게,3
NationalGeographic스페셜에디션I NationalGeographic스페셜에디션II 은자의나라,2
NG(한)-NationalGeographic6월 NG(영-有)-NationalGeographic6월 BEST 20,2
NG(한)-NationalGeographic6월 NG(영-有)-NationalGeographic6월 BEST,2
NG(한)-NationalGeographic6월 NG(영-有)-NationalGeographic6월,2
NG(영-有)-NationalGeographic6월 은자의나라,2
NationalGeographic스페셜에디션I NationalGeographic스페셜에디션II,2
NationalGeographic스페셜에디션II,2
DM만 있음,1
NG(한)-NationalGeographic6월 BEST,1
NG(한)-NationalGeographic6월 BEST 20,1
NG(영-有)-NationalGeographic6월(5권),1
NG(한)-NationalGeographic5월 NG(영-有)-NationalGeographic5월 은자의나라,1
NG(한)-NationalGeographic5월 NG(영-有)-NationalGeographic5월,1
NG(한)-NationalGeographic5월,1
"NG(한)-NationalGeographic6월 NG(영)-NationalGeographic5,6월",1
마우스패드,1
DM만,1
NG(영-有)-NationalGeographic6월 BEST,1
NG(영)-NationalGeographic6월,1
NationalGeographic스페셜에디션I 은자의나라,1
NationalGeographic스페셜에디션II 은자의나라,1
NationalGeographic스페셜에디션I 눈부시게,1
NationalGeographic스페셜에디션I 눈부시게 아름다운,1
NationalGeographic스페셜에디션I 눈부시게 아름다운 사진들(VIP),1
NationalGeographic스페셜에디션I 눈부시게 아름다운 사진들(VIP) Esquire6월,1
NG(영-有)-NationalGeographic6월 BEST 20,1
NG(한)-NationalGeographic6월 NG(영-有)-NationalGeographic6월 BEST 20 은자의나라,1
